timestamp,temperature,temperature_smooth,pressure,pressure_smooth,humidity,humidity_smooth,light,light_smooth,sound_level,sound_level_smooth,particulate_matter,particulate_matter_smooth,co2,co2_smooth
2026-08-15T10:36:29.755373,22.5,22.3,1001.9,991.6,59.1,58.2,972.3,595.9,38.6,48.6,"{'pm1_0': 5, 'pm2_5': 8, 'pm10': 12}","{'pm1_0': 5.0, 'pm2_5': 8.0, 'pm10': 12.0}",471.5,685.4
2026-08-15T10:36:31.757927,20.7,23.5,1005.7,997.3,66.2,54.3,865.6,445.29999999999995,79.6,46.35,"{'pm1_0': 5, 'pm2_5': 8, 'pm10': 12}","{'pm1_0': 5.0, 'pm2_5': 8.0, 'pm10': 12.0}",740.2,566.15
2026-08-15T10:36:33.760492,25.0,21.8,1019.5,998.1333333333332,35.2,49.76666666666667,392.3,444.7,37.7,44.26666666666667,"{'pm1_0': 5, 'pm2_5': 8, 'pm10': 12}","{'pm1_0': 5.0, 'pm2_5': 8.0, 'pm10': 12.0}",691.0,622.3333333333334
2026-08-15T10:36:35.762977,27.7,22.275000000000002,1017.9,1001.7749999999999,42.4,48.725,349.1,354.825,57.2,45.825,"{'pm1_0': 5, 'pm2_5': 8, 'pm10': 12}","{'pm1_0': 5.0, 'pm2_5': 8.0, 'pm10': 12.0}",558.6,663.125
2026-08-15T10:36:37.766392,25.6,22.9,1007.2,1005.3799999999999,51.0,46.28,427.6,414.86,79.9,47.5,"{'pm1_0': 5, 'pm2_5': 8, 'pm10': 12}","{'pm1_0': 5.0, 'pm2_5': 8.0, 'pm10': 12.0}",653.5,632.3399999999999
2026-08-15T10:36:39.769004,19.5,23.52,998.5,1006.7800000000001,60.1,47.019999999999996,999.3,479.3,34.6,47.599999999999994,"{'pm1_0': 5, 'pm2_5': 8, 'pm10': 12}","{'pm1_0': 5.0, 'pm2_5': 8.0, 'pm10': 12.0}",578.5,647.8199999999999
2026-08-15T10:36:41.771475,20.8,22.3,1017.9,1004.78,50.1,49.760000000000005,879.6,515.26,78.9,49.04,"{'pm1_0': 5, 'pm2_5': 8, 'pm10': 12}","{'pm1_0': 5.0, 'pm2_5': 8.0, 'pm10': 12.0}",684.7,681.0799999999999
2026-08-15T10:36:43.774099,27.8,22.979999999999997,995.7,1006.86,63.5,49.72,427.6,430.08000000000004,55.2,51.4,"{'pm1_0': 5, 'pm2_5': 8, 'pm10': 12}","{'pm1_0': 5.0, 'pm2_5': 8.0, 'pm10': 12.0}",430.1,628.68
2026-08-15T10:36:45.776390,19.5,23.28,1016.3,1008.1,68.7,54.3,792.7,469.25999999999993,68.3,57.260000000000005,"{'pm1_0': 5, 'pm2_5': 8, 'pm10': 12}","{'pm1_0': 5.0, 'pm2_5': 8.0, 'pm10': 12.0}",447.6,617.76
2026-08-15T10:36:47.780529,27.2,22.56,1008.5,1008.1600000000001,66.9,60.8,395.5,411.12,41.3,53.8,"{'pm1_0': 5, 'pm2_5': 8, 'pm10': 12}","{'pm1_0': 5.0, 'pm2_5': 8.0, 'pm10': 12.0}",634.1,671.4399999999999
2026-08-15T10:36:49.783262,25.9,21.580000000000002,992.5,1011.6600000000001,47.8,58.660000000000004,69.8,398.98,65.6,58.44,"{'pm1_0': 5, 'pm2_5': 8, 'pm10': 12}","{'pm1_0': 5.0, 'pm2_5': 8.0, 'pm10': 12.0}",583.1,609.2
2026-08-15T10:36:51.785523,25.9,22.98,1012.5,1016.0199999999999,63.9,58.959999999999994,628.7,328.0,72.1,55.58,"{'pm1_0': 5, 'pm2_5': 8, 'pm10': 12}","{'pm1_0': 5.0, 'pm2_5': 8.0, 'pm10': 12.0}",756.9,584.3799999999999
2026-08-15T10:36:53.788617,27.2,23.279999999999998,1003.6,1017.3199999999999,67.2,59.339999999999996,440.7,414.0,41.0,52.739999999999995,"{'pm1_0': 5, 'pm2_5': 8, 'pm10': 12}","{'pm1_0': 5.0, 'pm2_5': 8.0, 'pm10': 12.0}",501.8,592.5799999999999
2026-08-15T10:36:55.791205,26.8,23.3,1002.8,1014.26,64.3,55.480000000000004,369.8,471.18,49.0,50.64,"{'pm1_0': 5, 'pm2_5': 8, 'pm10': 12}","{'pm1_0': 5.0, 'pm2_5': 8.0, 'pm10': 12.0}",727.2,598.8199999999999
2026-08-15T10:36:57.794211,22.4,23.84,1008.4,1013.9400000000002,33.4,55.419999999999995,142.5,550.8399999999999,51.9,57.279999999999994,"{'pm1_0': 5, 'pm2_5': 8, 'pm10': 12}","{'pm1_0': 5.0, 'pm2_5': 8.0, 'pm10': 12.0}",556.6,553.4399999999999
2026-08-15T10:36:59.796532,27.5,24.119999999999997,993.2,1013.4,34.1,58.239999999999995,476.7,533.78,39.3,51.739999999999995,"{'pm1_0': 5, 'pm2_5': 8, 'pm10': 12}","{'pm1_0': 5.0, 'pm2_5': 8.0, 'pm10': 12.0}",545.2,593.84
2026-08-15T10:37:01.799940,27.2,24.18,1017.3,1013.0,60.0,55.56,401.8,550.08,63.5,53.519999999999996,"{'pm1_0': 5, 'pm2_5': 8, 'pm10': 12}","{'pm1_0': 5.0, 'pm2_5': 8.0, 'pm10': 12.0}",682.3,619.36
2026-08-15T10:37:03.802494,23.2,23.8,1021.6,1008.9200000000001,50.8,54.959999999999994,644.8,630.56,51.2,56.85999999999999,"{'pm1_0': 5, 'pm2_5': 8, 'pm10': 12}","{'pm1_0': 5.0, 'pm2_5': 8.0, 'pm10': 12.0}",439.9,661.0800000000002
2026-08-15T10:37:05.805060,25.5,22.979999999999997,997.6,1010.7,60.5,54.620000000000005,301.1,524.94,51.1,51.46,"{'pm1_0': 5, 'pm2_5': 8, 'pm10': 12}","{'pm1_0': 5.0, 'pm2_5': 8.0, 'pm10': 12.0}",686.2,654.76
2026-08-15T10:37:07.807749,26.9,22.38,1022.8,1005.6600000000001,30.4,54.260000000000005,982.3,440.16,50.7,47.82,"{'pm1_0': 5, 'pm2_5': 8, 'pm10': 12}","{'pm1_0': 5.0, 'pm2_5': 8.0, 'pm10': 12.0}",456.7,669.74
2026-08-15T10:37:09.810965,18.5,22.78,998.0,1005.5799999999999,68.1,47.54,942.7,467.58000000000004,36.5,54.14,"{'pm1_0': 5, 'pm2_5': 8, 'pm10': 12}","{'pm1_0': 5.0, 'pm2_5': 8.0, 'pm10': 12.0}",722.6,684.74
2026-08-15T10:37:11.813246,21.0,22.240000000000002,1015.9,1006.76,31.7,47.68,737.6,442.26000000000005,59.5,55.36,"{'pm1_0': 5, 'pm2_5': 8, 'pm10': 12}","{'pm1_0': 5.0, 'pm2_5': 8.0, 'pm10': 12.0}",733.7,680.1800000000001
2026-08-15T10:37:13.815983,19.7,21.86,1014.7,1012.18,44.6,46.1,470.8,276.52,76.1,56.419999999999995,"{'pm1_0': 5, 'pm2_5': 8, 'pm10': 12}","{'pm1_0': 5.0, 'pm2_5': 8.0, 'pm10': 12.0}",434.0,636.1800000000001
2026-08-15T10:37:15.818725,26.6,22.2,1020.8,1014.4,69.8,49.8,83.3,350.58000000000004,58.9,55.339999999999996,"{'pm1_0': 5, 'pm2_5': 8, 'pm10': 12}","{'pm1_0': 5.0, 'pm2_5': 8.0, 'pm10': 12.0}",756.1,646.36
2026-08-15T10:37:17.821527,20.6,22.4,999.2,1018.3799999999999,54.6,43.42,436.5,440.52,70.8,58.239999999999995,"{'pm1_0': 5, 'pm2_5': 8, 'pm10': 12}","{'pm1_0': 5.0, 'pm2_5': 8.0, 'pm10': 12.0}",762.0,678.4
2026-08-15T10:37:19.823796,18.9,23.139999999999997,996.4,1018.7199999999999,31.8,49.44,341.5,381.68,67.9,49.18,"{'pm1_0': 5, 'pm2_5': 8, 'pm10': 12}","{'pm1_0': 5.0, 'pm2_5': 8.0, 'pm10': 12.0}",571.6,672.24
2026-08-15T10:37:21.826523,22.6,22.5,1013.6,1017.78,52.3,52.379999999999995,486.7,512.46,49.0,52.42,"{'pm1_0': 5, 'pm2_5': 8, 'pm10': 12}","{'pm1_0': 5.0, 'pm2_5': 8.0, 'pm10': 12.0}",668.2,689.88
2026-08-15T10:37:23.828836,27.0,24.0,1021.9,1012.9,48.3,57.879999999999995,828.5,627.6600000000001,43.7,47.220000000000006,"{'pm1_0': 5, 'pm2_5': 8, 'pm10': 12}","{'pm1_0': 5.0, 'pm2_5': 8.0, 'pm10': 12.0}",746.1,684.24
2026-08-15T10:37:25.831153,18.4,24.439999999999998,1009.9,1010.9799999999999,36.2,53.919999999999995,773.9,685.3000000000001,42.7,46.9,"{'pm1_0': 5, 'pm2_5': 8, 'pm10': 12}","{'pm1_0': 5.0, 'pm2_5': 8.0, 'pm10': 12.0}",586.4,621.3199999999999
2026-08-15T10:37:27.833492,23.9,24.22,1021.0,1010.36,46.3,52.94,214.8,639.36,32.2,45.7,"{'pm1_0': 5, 'pm2_5': 8, 'pm10': 12}","{'pm1_0': 5.0, 'pm2_5': 8.0, 'pm10': 12.0}",543.3,572.9200000000001
2026-08-15T10:37:56.270349,25.7,21.0,1005.8,1001.0,45.8,53.4,464.8,605.7,33.3,32.9,"{'pm1_0': 5, 'pm2_5': 8, 'pm10': 12}","{'pm1_0': 5.0, 'pm2_5': 8.0, 'pm10': 12.0}",416.6,516.7
2026-08-15T10:37:58.272642,25.9,23.35,1013.9,1001.9,59.6,46.9,694.9,577.6,63.0,53.95,"{'pm1_0': 5, 'pm2_5': 8, 'pm10': 12}","{'pm1_0': 5.0, 'pm2_5': 8.0, 'pm10': 12.0}",590.7,627.7
2026-08-15T10:38:00.275219,18.1,22.7,1009.6,1005.9,45.7,52.93333333333334,140.4,514.4,67.7,50.0,"{'pm1_0': 5, 'pm2_5': 8, 'pm10': 12}","{'pm1_0': 5.0, 'pm2_5': 8.0, 'pm10': 12.0}",536.5,670.4
2026-08-15T10:38:02.277841,20.5,23.799999999999997,1018.2,1008.5,32.1,56.45,740.3,593.425,53.9,48.925,"{'pm1_0': 5, 'pm2_5': 8, 'pm10': 12}","{'pm1_0': 5.0, 'pm2_5': 8.0, 'pm10': 12.0}",444.0,651.475
2026-08-15T10:38:04.280702,21.4,24.02,1012.4,1010.76,34.4,57.9,802.3,602.42,49.9,46.5,"{'pm1_0': 5, 'pm2_5': 8, 'pm10': 12}","{'pm1_0': 5.0, 'pm2_5': 8.0, 'pm10': 12.0}",674.0,667.7
2026-08-15T10:38:06.282875,20.8,25.22,1013.2,1015.46,61.2,57.720000000000006,705.5,563.42,73.0,50.60000000000001,"{'pm1_0': 5, 'pm2_5': 8, 'pm10': 12}","{'pm1_0': 5.0, 'pm2_5': 8.0, 'pm10': 12.0}",645.5,649.1999999999999
2026-08-15T10:38:08.285361,21.6,23.860000000000003,1016.2,1019.3,61.2,59.260000000000005,391.0,556.42,60.4,45.0,"{'pm1_0': 5, 'pm2_5': 8, 'pm10': 12}","{'pm1_0': 5.0, 'pm2_5': 8.0, 'pm10': 12.0}",772.3,622.4399999999999
2026-08-15T10:38:10.287722,23.7,23.84,1001.1,1016.1600000000001,66.1,56.6,155.8,526.1800000000001,39.7,50.5,"{'pm1_0': 5, 'pm2_5': 8, 'pm10': 12}","{'pm1_0': 5.0, 'pm2_5': 8.0, 'pm10': 12.0}",420.3,566.34
2026-08-15T10:38:12.290137,18.0,22.619999999999997,998.0,1014.74,55.9,55.5,312.8,497.7799999999999,64.2,52.85999999999999,"{'pm1_0': 5, 'pm2_5': 8, 'pm10': 12}","{'pm1_0': 5.0, 'pm2_5': 8.0, 'pm10': 12.0}",781.3,584.46
2026-08-15T10:38:14.292612,23.7,21.28,1013.5,1013.8799999999999,54.1,56.1,474.3,485.73999999999995,34.2,59.0,"{'pm1_0': 5, 'pm2_5': 8, 'pm10': 12}","{'pm1_0': 5.0, 'pm2_5': 8.0, 'pm10': 12.0}",722.5,533.02
2026-08-15T10:38:16.294823,20.7,21.46,1009.7,1009.7,41.7,58.8,403.7,491.5,74.2,57.92,"{'pm1_0': 5, 'pm2_5': 8, 'pm10': 12}","{'pm1_0': 5.0, 'pm2_5': 8.0, 'pm10': 12.0}",569.0,591.86
2026-08-15T10:38:18.296852,19.7,22.860000000000003,1000.0,1010.18,35.2,59.220000000000006,804.7,390.06,44.8,58.06,"{'pm1_0': 5, 'pm2_5': 8, 'pm10': 12}","{'pm1_0': 5.0, 'pm2_5': 8.0, 'pm10': 12.0}",684.3,625.04
2026-08-15T10:38:20.299433,19.2,23.04,1011.5,1014.3800000000001,39.1,62.61999999999999,234.8,346.98,50.1,59.9,"{'pm1_0': 5, 'pm2_5': 8, 'pm10': 12}","{'pm1_0': 5.0, 'pm2_5': 8.0, 'pm10': 12.0}",673.0,651.9999999999999
2026-08-15T10:38:22.302126,22.9,22.52,1023.0,1016.46,51.0,63.33999999999999,948.6,211.56000000000003,32.5,54.839999999999996,"{'pm1_0': 5, 'pm2_5': 8, 'pm10': 12}","{'pm1_0': 5.0, 'pm2_5': 8.0, 'pm10': 12.0}",442.9,600.24
2026-08-15T10:38:26.035217,22.0,24.0,1003.5,997.3,59.5,36.1,292.4,590.0,44.4,53.5,"{'pm1_0': 5, 'pm2_5': 8, 'pm10': 12}","{'pm1_0': 5.0, 'pm2_5': 8.0, 'pm10': 12.0}",617.4,674.1
2026-08-15T10:38:28.038108,26.5,24.25,998.7,1010.9,66.8,33.45,585.0,619.4,67.3,51.75,"{'pm1_0': 5, 'pm2_5': 8, 'pm10': 12}","{'pm1_0': 5.0, 'pm2_5': 8.0, 'pm10': 12.0}",521.7,687.6500000000001
2026-08-15T10:38:30.040554,25.0,24.900000000000002,1018.8,1008.6999999999999,63.1,44.96666666666667,430.3,472.5,67.6,56.86666666666667,"{'pm1_0': 5, 'pm2_5': 8, 'pm10': 12}","{'pm1_0': 5.0, 'pm2_5': 8.0, 'pm10': 12.0}",751.4,646.5000000000001
2026-08-15T10:38:32.042897,28.0,23.4,998.6,1005.375,61.8,46.975,733.5,537.3,72.1,57.025,"{'pm1_0': 5, 'pm2_5': 8, 'pm10': 12}","{'pm1_0': 5.0, 'pm2_5': 8.0, 'pm10': 12.0}",409.2,676.9000000000001
2026-08-15T10:38:34.045349,26.1,23.0,1021.9,1006.3799999999999,36.6,51.04,190.8,448.91999999999996,46.4,55.06,"{'pm1_0': 5, 'pm2_5': 8, 'pm10': 12}","{'pm1_0': 5.0, 'pm2_5': 8.0, 'pm10': 12.0}",620.0,638.0400000000001
2026-08-15T10:38:36.047500,25.4,22.3,1016.7,1006.5600000000001,62.7,50.720000000000006,257.9,384.88,79.1,53.92,"{'pm1_0': 5, 'pm2_5': 8, 'pm10': 12}","{'pm1_0': 5.0, 'pm2_5': 8.0, 'pm10': 12.0}",724.3,630.74
2026-08-15T10:38:38.049765,21.1,22.02,1024.9,999.7,60.5,58.08,803.3,384.12,61.2,53.42,"{'pm1_0': 5, 'pm2_5': 8, 'pm10': 12}","{'pm1_0': 5.0, 'pm2_5': 8.0, 'pm10': 12.0}",475.5,576.3399999999999
2026-08-15T10:38:40.051972,28.0,21.96,1005.8,997.0199999999999,53.0,55.86,843.1,464.34,71.8,54.92,"{'pm1_0': 5, 'pm2_5': 8, 'pm10': 12}","{'pm1_0': 5.0, 'pm2_5': 8.0, 'pm10': 12.0}",447.2,614.76
2026-08-15T10:38:42.054992,23.7,23.080000000000002,1007.9,1001.2400000000001,59.2,55.55999999999999,154.7,489.52,61.5,54.32000000000001,"{'pm1_0': 5, 'pm2_5': 8, 'pm10': 12}","{'pm1_0': 5.0, 'pm2_5': 8.0, 'pm10': 12.0}",481.0,620.4799999999999
2026-08-15T10:38:44.057077,22.3,24.259999999999998,1017.4,997.32,48.7,54.96,118.4,586.06,70.7,54.9,"{'pm1_0': 5, 'pm2_5': 8, 'pm10': 12}","{'pm1_0': 5.0, 'pm2_5': 8.0, 'pm10': 12.0}",542.1,637.1200000000001
2026-08-15T10:38:46.059334,20.7,25.339999999999996,1012.5,997.0799999999999,64.5,55.28000000000001,640.6,582.86,42.8,59.879999999999995,"{'pm1_0': 5, 'pm2_5': 8, 'pm10': 12}","{'pm1_0': 5.0, 'pm2_5': 8.0, 'pm10': 12.0}",473.7,647.3
2026-08-15T10:38:48.061795,18.3,26.18,1005.4,1001.78,46.1,52.239999999999995,219.6,614.72,69.9,61.959999999999994,"{'pm1_0': 5, 'pm2_5': 8, 'pm10': 12}","{'pm1_0': 5.0, 'pm2_5': 8.0, 'pm10': 12.0}",640.8,664.36
2026-08-15T10:38:50.064425,24.3,25.54,994.8,1006.9,64.4,51.44,497.1,563.88,66.5,53.080000000000005,"{'pm1_0': 5, 'pm2_5': 8, 'pm10': 12}","{'pm1_0': 5.0, 'pm2_5': 8.0, 'pm10': 12.0}",489.6,656.1800000000001
2026-08-15T10:38:52.067112,23.7,25.2,1020.9,1006.4799999999999,48.5,48.92,177.0,530.26,65.1,56.660000000000004,"{'pm1_0': 5, 'pm2_5': 8, 'pm10': 12}","{'pm1_0': 5.0, 'pm2_5': 8.0, 'pm10': 12.0}",456.8,624.26
2026-08-15T10:38:54.069532,21.9,25.32,1006.1,1011.0799999999999,54.5,43.2,920.9,511.6,63.4,60.8,"{'pm1_0': 5, 'pm2_5': 8, 'pm10': 12}","{'pm1_0': 5.0, 'pm2_5': 8.0, 'pm10': 12.0}",571.0,640.02
2026-08-15T10:38:56.072666,27.7,24.68,1003.1,1011.0,38.9,46.48,434.3,622.46,55.2,59.660000000000004,"{'pm1_0': 5, 'pm2_5': 8, 'pm10': 12}","{'pm1_0': 5.0, 'pm2_5': 8.0, 'pm10': 12.0}",793.8,630.3799999999999
2026-08-15T10:38:58.075095,19.5,24.42,1003.9,1012.2199999999999,64.5,47.08,312.3,556.48,50.3,55.720000000000006,"{'pm1_0': 5, 'pm2_5': 8, 'pm10': 12}","{'pm1_0': 5.0, 'pm2_5': 8.0, 'pm10': 12.0}",672.4,648.8599999999999
2026-08-15T10:39:00.077589,21.2,24.8,1019.4,1007.74,54.3,44.82,383.8,676.76,78.3,56.85999999999999,"{'pm1_0': 5, 'pm2_5': 8, 'pm10': 12}","{'pm1_0': 5.0, 'pm2_5': 8.0, 'pm10': 12.0}",688.7,658.0200000000001
2026-08-15T10:39:02.079808,18.7,24.919999999999998,990.1,1003.1199999999999,45.1,48.879999999999995,47.7,669.6200000000001,61.3,49.56,"{'pm1_0': 5, 'pm2_5': 8, 'pm10': 12}","{'pm1_0': 5.0, 'pm2_5': 8.0, 'pm10': 12.0}",736.4,639.88
2026-08-15T10:39:04.082186,18.2,24.300000000000004,1009.1,999.0600000000001,39.4,50.22,873.0,661.4,43.6,45.9,"{'pm1_0': 5, 'pm2_5': 8, 'pm10': 12}","{'pm1_0': 5.0, 'pm2_5': 8.0, 'pm10': 12.0}",652.3,637.06
2026-08-15T10:39:06.084571,27.2,24.6,1023.6,1004.4,69.6,46.12,835.9,603.7199999999999,62.5,40.760000000000005,"{'pm1_0': 5, 'pm2_5': 8, 'pm10': 12}","{'pm1_0': 5.0, 'pm2_5': 8.0, 'pm10': 12.0}",630.9,641.28
2026-08-15T10:39:08.086551,20.5,23.7,1021.3,1001.5799999999999,69.1,43.96,511.2,570.66,30.1,48.839999999999996,"{'pm1_0': 5, 'pm2_5': 8, 'pm10': 12}","{'pm1_0': 5.0, 'pm2_5': 8.0, 'pm10': 12.0}",587.7,676.76
2026-08-15T10:39:10.089111,21.3,24.14,999.4,1001.36,41.5,42.6,872.8,511.06000000000006,39.9,48.459999999999994,"{'pm1_0': 5, 'pm2_5': 8, 'pm10': 12}","{'pm1_0': 5.0, 'pm2_5': 8.0, 'pm10': 12.0}",465.9,612.46
2026-08-15T10:39:12.091211,18.3,24.439999999999998,1013.0,1002.22,61.2,38.14,243.2,542.3399999999999,53.8,53.71999999999999,"{'pm1_0': 5, 'pm2_5': 8, 'pm10': 12}","{'pm1_0': 5.0, 'pm2_5': 8.0, 'pm10': 12.0}",770.8,622.3199999999999
2026-08-15T10:39:16.012665,24.7,25.5,1021.1,997.4,69.6,65.1,326.5,124.5,73.4,45.7,"{'pm1_0': 5, 'pm2_5': 8, 'pm10': 12}","{'pm1_0': 5.0, 'pm2_5': 8.0, 'pm10': 12.0}",408.3,402.6
2026-08-15T10:39:18.015181,19.3,26.0,1000.9,1007.5,64.4,51.95,956.1,266.35,54.9,49.05,"{'pm1_0': 5, 'pm2_5': 8, 'pm10': 12}","{'pm1_0': 5.0, 'pm2_5': 8.0, 'pm10': 12.0}",642.3,489.15
2026-08-15T10:39:20.018070,27.7,25.6,1010.0,1004.5667,36.4,52.8,68.3,447.7667,44.1,48.9333,"{'pm1_0': 5, 'pm2_5': 8, 'pm10': 12}","{'pm1_0': 5.0, 'pm2_5': 8.0, 'pm10': 12.0}",764.8,523.4
2026-08-15T10:39:22.020514,25.4,25.425,1012.1,1008.025,50.2,49.125,457.2,568.475,35.0,47.425,"{'pm1_0': 5, 'pm2_5': 8, 'pm10': 12}","{'pm1_0': 5.0, 'pm2_5': 8.0, 'pm10': 12.0}",656.2,506.475
2026-08-15T10:39:24.023071,22.3,24.4,1002.8,1004.6,66.7,46.02,534.8,571.66,62.9,45.94,"{'pm1_0': 5, 'pm2_5': 8, 'pm10': 12}","{'pm1_0': 5.0, 'pm2_5': 8.0, 'pm10': 12.0}",729.1,526.02
2026-08-15T10:39:26.026035,22.4,23.44,1005.4,1004.94,54.0,42.54,857.3,715.74,66.4,47.56,"{'pm1_0': 5, 'pm2_5': 8, 'pm10': 12}","{'pm1_0': 5.0, 'pm2_5': 8.0, 'pm10': 12.0}",641.1,575.68
2026-08-15T10:39:28.028876,23.2,22.88,1017.4,1006.38,40.5,41.54,946.9,679.52,42.5,48.9,"{'pm1_0': 5, 'pm2_5': 8, 'pm10': 12}","{'pm1_0': 5.0, 'pm2_5': 8.0, 'pm10': 12.0}",754.1,589.16
2026-08-15T10:39:30.031128,27.3,23.32,1013.8,1009.68,53.2,40.12,394.6,599.54,56.3,53.28,"{'pm1_0': 5, 'pm2_5': 8, 'pm10': 12}","{'pm1_0': 5.0, 'pm2_5': 8.0, 'pm10': 12.0}",791.6,594.46
2026-08-15T10:39:32.034000,25.4,22.2,996.0,1007.0,38.5,39.28,714.9,471.54,65.1,55.14,"{'pm1_0': 5, 'pm2_5': 8, 'pm10': 12}","{'pm1_0': 5.0, 'pm2_5': 8.0, 'pm10': 12.0}",577.8,641.4
2026-08-15T10:39:34.036223,22.9,22.04,1000.1,1011.38,51.8,46.4,512.5,475.98,49.4,54.16,"{'pm1_0': 5, 'pm2_5': 8, 'pm10': 12}","{'pm1_0': 5.0, 'pm2_5': 8.0, 'pm10': 12.0}",452.2,611.24
2026-08-15T10:39:36.038801,20.4,21.8,1002.1,1015.6,48.8,44.68,632.0,484.1,53.6,53.04,"{'pm1_0': 5, 'pm2_5': 8, 'pm10': 12}","{'pm1_0': 5.0, 'pm2_5': 8.0, 'pm10': 12.0}",617.1,626.22
2026-08-15T10:39:38.042022,26.9,21.08,998.2,1010.54,31.0,50.96,75.0,536.24,44.5,49.92,"{'pm1_0': 5, 'pm2_5': 8, 'pm10': 12}","{'pm1_0': 5.0, 'pm2_5': 8.0, 'pm10': 12.0}",711.5,643.26
2026-08-15T10:39:40.044641,22.6,20.3,1003.0,1010.08,46.3,53.5,924.7,519.7,62.5,44.44,"{'pm1_0': 5, 'pm2_5': 8, 'pm10': 12}","{'pm1_0': 5.0, 'pm2_5': 8.0, 'pm10': 12.0}",557.7,628.98
2026-08-15T10:39:42.047555,26.0,20.7,996.2,1010.26,31.7,55.24,644.0,650.94,59.1,46.4,"{'pm1_0': 5, 'pm2_5': 8, 'pm10': 12}","{'pm1_0': 5.0, 'pm2_5': 8.0, 'pm10': 12.0}",724.2,576.78
2026-08-15T10:39:44.050460,19.9,22.22,992.9,1010.56,43.6,54.24,881.0,704.2,75.6,47.7,"{'pm1_0': 5, 'pm2_5': 8, 'pm10': 12}","{'pm1_0': 5.0, 'pm2_5': 8.0, 'pm10': 12.0}",617.6,572.04
2026-08-15T10:39:46.052822,18.6,22.4,1006.0,1004.62,35.8,59.42,704.1,592.72,41.8,47.12,"{'pm1_0': 5, 'pm2_5': 8, 'pm10': 12}","{'pm1_0': 5.0, 'pm2_5': 8.0, 'pm10': 12.0}",436.2,535.82
2026-08-15T10:39:48.055243,25.2,22.3,994.4,1003.04,38.6,56.56,421.0,690.6,73.2,52.98,"{'pm1_0': 5, 'pm2_5': 8, 'pm10': 12}","{'pm1_0': 5.0, 'pm2_5': 8.0, 'pm10': 12.0}",746.5,537.06
2026-08-15T10:39:50.057785,21.5,22.96,1009.7,1002.26,36.0,58.32,375.6,655.02,76.8,54.58,"{'pm1_0': 5, 'pm2_5': 8, 'pm10': 12}","{'pm1_0': 5.0, 'pm2_5': 8.0, 'pm10': 12.0}",439.0,562.6
2026-08-15T10:39:52.061050,19.0,23.12,999.0,999.2,51.2,58.82,853.7,631.28,74.0,55.62,"{'pm1_0': 5, 'pm2_5': 8, 'pm10': 12}","{'pm1_0': 5.0, 'pm2_5': 8.0, 'pm10': 12.0}",524.2,633.86
2026-08-15T10:39:54.063258,25.8,22.42,998.1,1001.18,65.3,54.08,673.5,466.76,77.3,58.66,"{'pm1_0': 5, 'pm2_5': 8, 'pm10': 12}","{'pm1_0': 5.0, 'pm2_5': 8.0, 'pm10': 12.0}",614.3,635.98
2026-08-15T10:39:56.065482,27.7,23.86,1003.6,1003.76,60.8,55.04,541.0,522.82,67.8,60.78,"{'pm1_0': 5, 'pm2_5': 8, 'pm10': 12}","{'pm1_0': 5.0, 'pm2_5': 8.0, 'pm10': 12.0}",552.8,648.54
2026-08-15T10:39:58.068124,21.5,25.28,1001.2,1006.4,40.3,54.74,166.1,457.32,78.1,57.9,"{'pm1_0': 5, 'pm2_5': 8, 'pm10': 12}","{'pm1_0': 5.0, 'pm2_5': 8.0, 'pm10': 12.0}",641.3,649.46
2026-08-15T10:40:00.070772,18.1,24.14,991.6,1007.42,56.0,49.9,313.3,570.56,74.8,62.08,"{'pm1_0': 5, 'pm2_5': 8, 'pm10': 12}","{'pm1_0': 5.0, 'pm2_5': 8.0, 'pm10': 12.0}",569.9,637.16
2026-08-15T10:40:02.073902,26.6,23.5,1018.3,1013.06,38.8,49.18,437.9,543.26,52.3,56.5,"{'pm1_0': 5, 'pm2_5': 8, 'pm10': 12}","{'pm1_0': 5.0, 'pm2_5': 8.0, 'pm10': 12.0}",426.3,605.26
2026-08-15T10:40:04.076501,23.4,23.2,998.2,1010.54,37.7,47.72,303.9,697.58,56.9,52.86,"{'pm1_0': 5, 'pm2_5': 8, 'pm10': 12}","{'pm1_0': 5.0, 'pm2_5': 8.0, 'pm10': 12.0}",624.7,648.14
2026-08-15T10:40:06.079023,25.9,22.0,1008.5,1013.64,54.1,47.16,492.3,685.24,36.8,48.44,"{'pm1_0': 5, 'pm2_5': 8, 'pm10': 12}","{'pm1_0': 5.0, 'pm2_5': 8.0, 'pm10': 12.0}",612.5,607.64
2026-08-15T10:40:08.081324,25.4,20.76,992.4,1012.58,50.7,45.34,241.6,564.52,36.9,44.58,"{'pm1_0': 5, 'pm2_5': 8, 'pm10': 12}","{'pm1_0': 5.0, 'pm2_5': 8.0, 'pm10': 12.0}",458.6,596.8
2026-08-15T10:40:10.083664,23.5,21.1,1012.8,1010.9,32.9,49.16,703.6,601.04,66.2,46.04,"{'pm1_0': 5, 'pm2_5': 8, 'pm10': 12}","{'pm1_0': 5.0, 'pm2_5': 8.0, 'pm10': 12.0}",796.2,614.7
2026-08-15T10:40:12.085808,19.4,21.26,1002.9,1005.34,35.4,51.68,462.7,632.84,71.2,50.46,"{'pm1_0': 5, 'pm2_5': 8, 'pm10': 12}","{'pm1_0': 5.0, 'pm2_5': 8.0, 'pm10': 12.0}",619.0,576.84
2026-08-15T10:40:14.088784,18.2,20.52,1017.0,1006.06,40.1,57.66,12.2,561.64,78.6,48.88,"{'pm1_0': 5, 'pm2_5': 8, 'pm10': 12}","{'pm1_0': 5.0, 'pm2_5': 8.0, 'pm10': 12.0}",674.1,578.3
2026-08-15T10:40:16.091716,21.3,20.68,1004.1,1004.1,50.2,51.64,117.1,466.8,50.6,53.1,"{'pm1_0': 5, 'pm2_5': 8, 'pm10': 12}","{'pm1_0': 5.0, 'pm2_5': 8.0, 'pm10': 12.0}",507.7,577.48
2026-08-15T10:40:18.094237,24.4,20.46,1002.1,1007.48,37.3,55.9,8.9,631.42,51.6,61.06,"{'pm1_0': 5, 'pm2_5': 8, 'pm10': 12}","{'pm1_0': 5.0, 'pm2_5': 8.0, 'pm10': 12.0}",407.7,574.14
2026-08-15T10:40:20.096788,19.5,19.7,1007.4,1006.02,61.4,51.08,952.2,558.18,50.6,59.98,"{'pm1_0': 5, 'pm2_5': 8, 'pm10': 12}","{'pm1_0': 5.0, 'pm2_5': 8.0, 'pm10': 12.0}",537.0,577.18
2026-08-15T10:40:22.099508,24.3,20.3,1016.4,1010.64,51.5,52.4,531.8,587.48,60.6,61.9,"{'pm1_0': 5, 'pm2_5': 8, 'pm10': 12}","{'pm1_0': 5.0, 'pm2_5': 8.0, 'pm10': 12.0}",401.5,623.74
2026-08-15T10:40:24.101901,20.4,22.08,1002.8,1008.64,50.3,50.68,985.7,566.88,73.7,65.72,"{'pm1_0': 5, 'pm2_5': 8, 'pm10': 12}","{'pm1_0': 5.0, 'pm2_5': 8.0, 'pm10': 12.0}",599.0,583.16
2026-08-15T10:40:26.105504,26.6,22.74,997.5,1009.9,61.0,55.34,555.1,733.44,71.5,62.62,"{'pm1_0': 5, 'pm2_5': 8, 'pm10': 12}","{'pm1_0': 5.0, 'pm2_5': 8.0, 'pm10': 12.0}",408.4,631.26
2026-08-15T10:40:28.108110,18.9,23.74,1011.7,1007.9,59.0,55.22,930.6,712.38,68.4,54.8,"{'pm1_0': 5, 'pm2_5': 8, 'pm10': 12}","{'pm1_0': 5.0, 'pm2_5': 8.0, 'pm10': 12.0}",586.7,606.44
2026-08-15T10:40:30.110667,26.3,25.42,1003.0,1013.2,55.7,61.02,955.1,801.04,72.4,49.1,"{'pm1_0': 5, 'pm2_5': 8, 'pm10': 12}","{'pm1_0': 5.0, 'pm2_5': 8.0, 'pm10': 12.0}",404.2,567.56
2026-08-15T10:40:32.113605,22.6,25.5,1007.6,1009.54,51.2,56.22,955.0,714.44,47.8,45.6,"{'pm1_0': 5, 'pm2_5': 8, 'pm10': 12}","{'pm1_0': 5.0, 'pm2_5': 8.0, 'pm10': 12.0}",635.5,551.42
2026-08-15T10:40:34.116267,25.2,23.86,1004.5,1011.2,38.3,52.16,283.3,803.88,71.3,47.7,"{'pm1_0': 5, 'pm2_5': 8, 'pm10': 12}","{'pm1_0': 5.0, 'pm2_5': 8.0, 'pm10': 12.0}",553.8,551.84
2026-08-15T10:40:36.118520,21.0,22.92,1007.1,1012.28,34.5,51.52,477.3,762.16,42.4,51.24,"{'pm1_0': 5, 'pm2_5': 8, 'pm10': 12}","{'pm1_0': 5.0, 'pm2_5': 8.0, 'pm10': 12.0}",627.5,566.96
2026-08-15T10:40:38.120699,26.0,23.5,1010.5,1011.74,59.7,46.82,526.4,665.54,46.2,57.18,"{'pm1_0': 5, 'pm2_5': 8, 'pm10': 12}","{'pm1_0': 5.0, 'pm2_5': 8.0, 'pm10': 12.0}",452.8,541.26
2026-08-15T10:40:40.123065,28.0,23.16,1006.1,1007.1,35.6,41.94,705.4,571.84,66.9,57.12,"{'pm1_0': 5, 'pm2_5': 8, 'pm10': 12}","{'pm1_0': 5.0, 'pm2_5': 8.0, 'pm10': 12.0}",512.5,522.6
2026-08-15T10:40:42.125575,18.5,22.58,996.8,1008.74,59.0,42.76,856.1,461.84,77.4,52.48,"{'pm1_0': 5, 'pm2_5': 8, 'pm10': 12}","{'pm1_0': 5.0, 'pm2_5': 8.0, 'pm10': 12.0}",709.6,529.46
2026-08-15T10:40:44.127657,27.1,24.1,1010.1,1006.18,45.1,45.2,321.9,381.08,35.9,47.1,"{'pm1_0': 5, 'pm2_5': 8, 'pm10': 12}","{'pm1_0': 5.0, 'pm2_5': 8.0, 'pm10': 12.0}",636.3,583.68
2026-08-15T10:40:46.129951,18.4,24.0,1018.0,1006.28,35.9,44.82,419.5,401.76,78.6,48.08,"{'pm1_0': 5, 'pm2_5': 8, 'pm10': 12}","{'pm1_0': 5.0, 'pm2_5': 8.0, 'pm10': 12.0}",738.1,570.56
2026-08-15T10:40:48.132188,25.7,23.82,997.6,1008.96,58.0,47.16,259.6,482.7,60.7,47.5,"{'pm1_0': 5, 'pm2_5': 8, 'pm10': 12}","{'pm1_0': 5.0, 'pm2_5': 8.0, 'pm10': 12.0}",606.8,612.74
2026-08-15T10:40:50.134426,20.5,24.18,1002.9,1011.7,30.2,51.8,704.6,521.06,51.0,51.16,"{'pm1_0': 5, 'pm2_5': 8, 'pm10': 12}","{'pm1_0': 5.0, 'pm2_5': 8.0, 'pm10': 12.0}",666.0,645.92
2026-08-15T10:40:52.136754,19.9,25.12,1002.1,1012.78,32.7,50.36,412.2,684.52,66.1,51.74,"{'pm1_0': 5, 'pm2_5': 8, 'pm10': 12}","{'pm1_0': 5.0, 'pm2_5': 8.0, 'pm10': 12.0}",684.2,648.26
2026-08-15T10:40:54.138926,21.1,24.62,994.0,1014.58,40.5,52.74,519.6,691.0,45.8,60.02,"{'pm1_0': 5, 'pm2_5': 8, 'pm10': 12}","{'pm1_0': 5.0, 'pm2_5': 8.0, 'pm10': 12.0}",646.4,598.44
